id,title,content
1,The Rise of AI,Artificial intelligence is transforming industries globally. Machine learning and deep learning are key components...
2,Future of Robotics,"Robotics is advancing rapidly, integrating with AI for autonomous systems. Human-robot interaction is a growing field..."
3,Data Engineering,Data Engineering leverages tools and computation to move massive amounts of data. Big data analytics is crucial...
4,The Innovations of Cybersecurity,"This article discusses the innovations of cybersecurity. This article discusses the innovations of cybersecurity. This article discusses the innovations of cybersecurity. It is an important field in modern technology with rapid advancements. As of 2022, there are 375 companies investing in this! Is it the future? Yes, absolutely."
5,The Advanced of Robotics,"This article discusses the advanced of robotics. This article discusses the advanced of robotics. This article discusses the advanced of robotics. This article discusses the advanced of robotics. This article discusses the advanced of robotics. It is an important field in modern technology with rapid advancements. As of 2023, there are 504 companies investing in this! Is it the future? Yes, absolutely."
6,The Rise of Cloud Computing,"This article discusses the rise of cloud computing. This article discusses the rise of cloud computing. This article discusses the rise of cloud computing. This article discusses the rise of cloud computing. This article discusses the rise of cloud computing. This article discusses the rise of cloud computing. This article discusses the rise of cloud computing. This article discusses the rise of cloud computing. It is an important field in modern technology with rapid advancements. As of 2024, there are 133 companies investing in this! Is it the future? Yes, absolutely."
7,The Impact of Robotics,"This article discusses the impact of robotics. This article discusses the impact of robotics. This article discusses the impact of robotics. This article discusses the impact of robotics. This article discusses the impact of robotics. This article discusses the impact of robotics. It is an important field in modern technology with rapid advancements. As of 2022, there are 855 companies investing in this! Is it the future? Yes, absolutely."
8,The Challenges of AI,"This article discusses the challenges of ai. This article discusses the challenges of ai. This article discusses the challenges of ai. This article discusses the challenges of ai. This article discusses the challenges of ai. This article discusses the challenges of ai. It is an important field in modern technology with rapid advancements. As of 2022, there are 794 companies investing in this! Is it the future? Yes, absolutely."
9,The Advanced of Quantum Computing,"This article discusses the advanced of quantum computing. This article discusses the advanced of quantum computing. This article discusses the advanced of quantum computing. This article discusses the advanced of quantum computing. This article discusses the advanced of quantum computing. This article discusses the advanced of quantum computing. This article discusses the advanced of quantum computing. This article discusses the advanced of quantum computing. It is an important field in modern technology with rapid advancements. As of 2026, there are 387 companies investing in this! Is it the future? Yes, absolutely."
10,The Trends of Machine Learning,"This article discusses the trends of machine learning. This article discusses the trends of machine learning. This article discusses the trends of machine learning. This article discusses the trends of machine learning. This article discusses the trends of machine learning. This article discusses the trends of machine learning. It is an important field in modern technology with rapid advancements. As of 2026, there are 121 companies investing in this! Is it the future? Yes, absolutely."
11,The Impact of Blockchain,"This article discusses the impact of blockchain. This article discusses the impact of blockchain. This article discusses the impact of blockchain. This article discusses the impact of blockchain. This article discusses the impact of blockchain. This article discusses the impact of blockchain. This article discusses the impact of blockchain. It is an important field in modern technology with rapid advancements. As of 2026, there are 629 companies investing in this! Is it the future? Yes, absolutely."
12,The Impact of Data Engineering,"This article discusses the impact of data engineering. This article discusses the impact of data engineering. This article discusses the impact of data engineering. This article discusses the impact of data engineering. This article discusses the impact of data engineering. It is an important field in modern technology with rapid advancements. As of 2023, there are 238 companies investing in this! Is it the future? Yes, absolutely."
13,The Innovations of 5G,"This article discusses the innovations of 5g. This article discusses the innovations of 5g. This article discusses the innovations of 5g. This article discusses the innovations of 5g. It is an important field in modern technology with rapid advancements. As of 2021, there are 384 companies investing in this! Is it the future? Yes, absolutely."
14,The Future of IoT,"This article discusses the future of iot. This article discusses the future of iot. This article discusses the future of iot. This article discusses the future of iot. It is an important field in modern technology with rapid advancements. As of 2026, there are 997 companies investing in this! Is it the future? Yes, absolutely."
15,The Advanced of Machine Learning,"This article discusses the advanced of machine learning. This article discusses the advanced of machine learning. This article discusses the advanced of machine learning. This article discusses the advanced of machine learning. This article discusses the advanced of machine learning. This article discusses the advanced of machine learning. It is an important field in modern technology with rapid advancements. As of 2022, there are 764 companies investing in this! Is it the future? Yes, absolutely."
16,The Advanced of Robotics,"This article discusses the advanced of robotics. This article discusses the advanced of robotics. This article discusses the advanced of robotics. This article discusses the advanced of robotics. It is an important field in modern technology with rapid advancements. As of 2025, there are 353 companies investing in this! Is it the future? Yes, absolutely."
17,The Advanced of Blockchain,"This article discusses the advanced of blockchain. This article discusses the advanced of blockchain. This article discusses the advanced of blockchain. This article discusses the advanced of blockchain. This article discusses the advanced of blockchain. It is an important field in modern technology with rapid advancements. As of 2024, there are 531 companies investing in this! Is it the future? Yes, absolutely."
18,The Trends of Robotics,"This article discusses the trends of robotics. This article discusses the trends of robotics. This article discusses the trends of robotics. This article discusses the trends of robotics. This article discusses the trends of robotics. It is an important field in modern technology with rapid advancements. As of 2026, there are 292 companies investing in this! Is it the future? Yes, absolutely."
19,The Basics of Cybersecurity,"This article discusses the basics of cybersecurity. This article discusses the basics of cybersecurity. This article discusses the basics of cybersecurity. It is an important field in modern technology with rapid advancements. As of 2021, there are 252 companies investing in this! Is it the future? Yes, absolutely."
20,The Future of Machine Learning,"This article discusses the future of machine learning. This article discusses the future of machine learning. This article discusses the future of machine learning. It is an important field in modern technology with rapid advancements. As of 2026, there are 92 companies investing in this! Is it the future? Yes, absolutely."
21,The Impact of Cloud Computing,"This article discusses the impact of cloud computing. This article discusses the impact of cloud computing. This article discusses the impact of cloud computing. This article discusses the impact of cloud computing. This article discusses the impact of cloud computing. It is an important field in modern technology with rapid advancements. As of 2020, there are 666 companies investing in this! Is it the future? Yes, absolutely."
22,The Innovations of IoT,"This article discusses the innovations of iot. This article discusses the innovations of iot. This article discusses the innovations of iot. This article discusses the innovations of iot. This article discusses the innovations of iot. It is an important field in modern technology with rapid advancements. As of 2022, there are 144 companies investing in this! Is it the future? Yes, absolutely."
23,The Trends of Quantum Computing,"This article discusses the trends of quantum computing. This article discusses the trends of quantum computing. This article discusses the trends of quantum computing. This article discusses the trends of quantum computing. This article discusses the trends of quantum computing. This article discusses the trends of quantum computing. This article discusses the trends of quantum computing. This article discusses the trends of quantum computing. It is an important field in modern technology with rapid advancements. As of 2024, there are 310 companies investing in this! Is it the future? Yes, absolutely."
24,The Evolution of AI,"This article discusses the evolution of ai. This article discusses the evolution of ai. This article discusses the evolution of ai. This article discusses the evolution of ai. This article discusses the evolution of ai. This article discusses the evolution of ai. This article discusses the evolution of ai. It is an important field in modern technology with rapid advancements. As of 2025, there are 463 companies investing in this! Is it the future? Yes, absolutely."
25,The Basics of Machine Learning,"This article discusses the basics of machine learning. This article discusses the basics of machine learning. This article discusses the basics of machine learning. It is an important field in modern technology with rapid advancements. As of 2022, there are 399 companies investing in this! Is it the future? Yes, absolutely."
26,The Advanced of 5G,"This article discusses the advanced of 5g. This article discusses the advanced of 5g. This article discusses the advanced of 5g. This article discusses the advanced of 5g. This article discusses the advanced of 5g. It is an important field in modern technology with rapid advancements. As of 2025, there are 305 companies investing in this! Is it the future? Yes, absolutely."
27,The Basics of Cybersecurity,"This article discusses the basics of cybersecurity. This article discusses the basics of cybersecurity. This article discusses the basics of cybersecurity. It is an important field in modern technology with rapid advancements. As of 2023, there are 366 companies investing in this! Is it the future? Yes, absolutely."
28,The Evolution of Cybersecurity,"This article discusses the evolution of cybersecurity. This article discusses the evolution of cybersecurity. This article discusses the evolution of cybersecurity. It is an important field in modern technology with rapid advancements. As of 2024, there are 392 companies investing in this! Is it the future? Yes, absolutely."
29,The Impact of Quantum Computing,"This article discusses the impact of quantum computing. This article discusses the impact of quantum computing. This article discusses the impact of quantum computing. This article discusses the impact of quantum computing. This article discusses the impact of quantum computing. It is an important field in modern technology with rapid advancements. As of 2023, there are 233 companies investing in this! Is it the future? Yes, absolutely."
30,The Advanced of Cloud Computing,"This article discusses the advanced of cloud computing. This article discusses the advanced of cloud computing. This article discusses the advanced of cloud computing. This article discusses the advanced of cloud computing. It is an important field in modern technology with rapid advancements. As of 2024, there are 568 companies investing in this! Is it the future? Yes, absolutely."
31,The Innovations of Machine Learning,"This article discusses the innovations of machine learning. This article discusses the innovations of machine learning. This article discusses the innovations of machine learning. This article discusses the innovations of machine learning. It is an important field in modern technology with rapid advancements. As of 2025, there are 180 companies investing in this! Is it the future? Yes, absolutely."
32,The Innovations of Robotics,"This article discusses the innovations of robotics. This article discusses the innovations of robotics. This article discusses the innovations of robotics. This article discusses the innovations of robotics. It is an important field in modern technology with rapid advancements. As of 2024, there are 511 companies investing in this! Is it the future? Yes, absolutely."
33,The Evolution of Cloud Computing,"This article discusses the evolution of cloud computing. This article discusses the evolution of cloud computing. This article discusses the evolution of cloud computing. This article discusses the evolution of cloud computing. It is an important field in modern technology with rapid advancements. As of 2024, there are 396 companies investing in this! Is it the future? Yes, absolutely."
34,The Evolution of Robotics,"This article discusses the evolution of robotics. This article discusses the evolution of robotics. This article discusses the evolution of robotics. This article discusses the evolution of robotics. This article discusses the evolution of robotics. This article discusses the evolution of robotics. This article discusses the evolution of robotics. This article discusses the evolution of robotics. It is an important field in modern technology with rapid advancements. As of 2025, there are 648 companies investing in this! Is it the future? Yes, absolutely."
35,The Challenges of Blockchain,"This article discusses the challenges of blockchain. This article discusses the challenges of blockchain. This article discusses the challenges of blockchain. This article discusses the challenges of blockchain. This article discusses the challenges of blockchain. This article discusses the challenges of blockchain. It is an important field in modern technology with rapid advancements. As of 2021, there are 542 companies investing in this! Is it the future? Yes, absolutely."
36,The Evolution of AI,"This article discusses the evolution of ai. This article discusses the evolution of ai. This article discusses the evolution of ai. This article discusses the evolution of ai. This article discusses the evolution of ai. This article discusses the evolution of ai. This article discusses the evolution of ai. This article discusses the evolution of ai. It is an important field in modern technology with rapid advancements. As of 2022, there are 559 companies investing in this! Is it the future? Yes, absolutely."
37,The Basics of Data Engineering,"This article discusses the basics of data engineering. This article discusses the basics of data engineering. This article discusses the basics of data engineering. This article discusses the basics of data engineering. This article discusses the basics of data engineering. It is an important field in modern technology with rapid advancements. As of 2021, there are 871 companies investing in this! Is it the future? Yes, absolutely."
38,The State of Robotics,"This article discusses the state of robotics. This article discusses the state of robotics. This article discusses the state of robotics. This article discusses the state of robotics. It is an important field in modern technology with rapid advancements. As of 2020, there are 788 companies investing in this! Is it the future? Yes, absolutely."
39,The State of Robotics,"This article discusses the state of robotics. This article discusses the state of robotics. This article discusses the state of robotics. It is an important field in modern technology with rapid advancements. As of 2026, there are 659 companies investing in this! Is it the future? Yes, absolutely."
40,The Future of Blockchain,"This article discusses the future of blockchain. This article discusses the future of blockchain. This article discusses the future of blockchain. It is an important field in modern technology with rapid advancements. As of 2020, there are 357 companies investing in this! Is it the future? Yes, absolutely."
41,The Future of Machine Learning,"This article discusses the future of machine learning. This article discusses the future of machine learning. This article discusses the future of machine learning. This article discusses the future of machine learning. This article discusses the future of machine learning. This article discusses the future of machine learning. It is an important field in modern technology with rapid advancements. As of 2024, there are 720 companies investing in this! Is it the future? Yes, absolutely."
42,The Rise of 5G,"This article discusses the rise of 5g. This article discusses the rise of 5g. This article discusses the rise of 5g. This article discusses the rise of 5g. This article discusses the rise of 5g. This article discusses the rise of 5g. It is an important field in modern technology with rapid advancements. As of 2026, there are 984 companies investing in this! Is it the future? Yes, absolutely."
43,The Future of AI,"This article discusses the future of ai. This article discusses the future of ai. This article discusses the future of ai. This article discusses the future of ai. This article discusses the future of ai. This article discusses the future of ai. It is an important field in modern technology with rapid advancements. As of 2021, there are 488 companies investing in this! Is it the future? Yes, absolutely."
44,The Rise of AI,"This article discusses the rise of ai. This article discusses the rise of ai. This article discusses the rise of ai. This article discusses the rise of ai. This article discusses the rise of ai. This article discusses the rise of ai. This article discusses the rise of ai. This article discusses the rise of ai. It is an important field in modern technology with rapid advancements. As of 2022, there are 93 companies investing in this! Is it the future? Yes, absolutely."
45,The Future of Data Engineering,"This article discusses the future of data engineering. This article discusses the future of data engineering. This article discusses the future of data engineering. This article discusses the future of data engineering. It is an important field in modern technology with rapid advancements. As of 2021, there are 684 companies investing in this! Is it the future? Yes, absolutely."
46,The Innovations of AI,"This article discusses the innovations of ai. This article discusses the innovations of ai. This article discusses the innovations of ai. This article discusses the innovations of ai. This article discusses the innovations of ai. This article discusses the innovations of ai. This article discusses the innovations of ai. This article discusses the innovations of ai. It is an important field in modern technology with rapid advancements. As of 2025, there are 959 companies investing in this! Is it the future? Yes, absolutely."
47,The State of Cybersecurity,"This article discusses the state of cybersecurity. This article discusses the state of cybersecurity. This article discusses the state of cybersecurity. This article discusses the state of cybersecurity. This article discusses the state of cybersecurity. This article discusses the state of cybersecurity. It is an important field in modern technology with rapid advancements. As of 2023, there are 448 companies investing in this! Is it the future? Yes, absolutely."
48,The Challenges of IoT,"This article discusses the challenges of iot. This article discusses the challenges of iot. This article discusses the challenges of iot. This article discusses the challenges of iot. This article discusses the challenges of iot. It is an important field in modern technology with rapid advancements. As of 2022, there are 300 companies investing in this! Is it the future? Yes, absolutely."
49,The Evolution of Machine Learning,"This article discusses the evolution of machine learning. This article discusses the evolution of machine learning. This article discusses the evolution of machine learning. This article discusses the evolution of machine learning. It is an important field in modern technology with rapid advancements. As of 2021, there are 605 companies investing in this! Is it the future? Yes, absolutely."
50,The Impact of Data Engineering,"This article discusses the impact of data engineering. This article discusses the impact of data engineering. This article discusses the impact of data engineering. This article discusses the impact of data engineering. It is an important field in modern technology with rapid advancements. As of 2021, there are 840 companies investing in this! Is it the future? Yes, absolutely."
